{
  "libero_spatial": {
    "action": {
      "mean": [
        0.15312479436397552,
        0.13707277178764343,
        -0.15526802837848663,
        -0.005176450591534376,
        -0.01120874285697937,
        -0.020194264128804207,
        0.4578818082809448
      ],
      "std": [
        0.41272708773612976,
        0.34724321961402893,
        0.50869220495224,
        0.037266165018081665,
        0.07244449853897095,
        0.05762382969260216,
        0.49827873706817627
      ],
      "max": [
        0.9375,
        0.9375,
        0.9375,
        0.1971428543329239,
        0.33642858266830444,
        0.375,
        1.0
      ],
      "min": [
        -0.9375,
        -0.9375,
        -0.9375,
        -0.1875,
        -0.3675000071525574,
        -0.36000001430511475,
        0.0
      ],
      "q01": [
        -0.7454732114076613,
        -0.6616071462631226,
        -0.9375,
        -0.1071428582072258,
        -0.20678570866584778,
        -0.1842857152223587,
        0.0
      ],
      "q99": [
        0.9375,
        0.8758928775787354,
        0.9321428537368774,
        0.1039285734295845,
        0.17678570747375488,
        0.14571428298950195,
        1.0
      ],
      "mask": [
        true,
        true,
        true,
        true,
        true,
        true,
        false
      ]
    },
    "proprio": {
      "mean": [
        0.0,
        0.0,
        0.0,
        0.0,
        0.0,
        0.0,
        0.0
      ],
      "std": [
        0.0,
        0.0,
        0.0,
        0.0,
        0.0,
        0.0,
        0.0
      ],
      "max": [
        0.0,
        0.0,
        0.0,
        0.0,
        0.0,
        0.0,
        0.0
      ],
      "min": [
        0.0,
        0.0,
        0.0,
        0.0,
        0.0,
        0.0,
        0.0
      ],
      "q01": [
        0.0,
        0.0,
        0.0,
        0.0,
        0.0,
        0.0,
        0.0
      ],
      "q99": [
        0.0,
        0.0,
        0.0,
        0.0,
        0.0,
        0.0,
        0.0
      ]
    },
    "num_transitions": 52970,
    "num_trajectories": 432
  },
  "libero_goal": {
    "action": {
      "mean": [
        0.04721052572131157,
        0.028835246339440346,
        -0.1485840231180191,
        -0.0025010062381625175,
        0.026408178731799126,
        0.027379808947443962,
        0.6299911737442017
      ],
      "std": [
        0.3968801498413086,
        0.3473387360572815,
        0.49239858984947205,
        0.055331431329250336,
        0.07844757288694382,
        0.10008802264928818,
        0.48270025849342346
      ],
      "max": [
        0.9375,
        0.9375,
        0.9375,
        0.3557142913341522,
        0.375,
        0.375,
        1.0
      ],
      "min": [
        -0.9375,
        -0.9375,
        -0.9375,
        -0.2582142949104309,
        -0.375,
        -0.2871428430080414,
        0.0
      ],
      "q01": [
        -0.8785714507102966,
        -0.7553571462631226,
        -0.9375,
        -0.1510714292526245,
        -0.1639285683631897,
        -0.13777500048279764,
        0.0
      ],
      "q99": [
        0.9375,
        0.9107142686843872,
        0.9375,
        0.20357142388820648,
        0.26357144117355347,
        0.375,
        1.0
      ],
      "mask": [
        true,
        true,
        true,
        true,
        true,
        true,
        false
      ]
    },
    "proprio": {
      "mean": [
        0.0,
        0.0,
        0.0,
        0.0,
        0.0,
        0.0,
        0.0
      ],
      "std": [
        0.0,
        0.0,
        0.0,
        0.0,
        0.0,
        0.0,
        0.0
      ],
      "max": [
        0.0,
        0.0,
        0.0,
        0.0,
        0.0,
        0.0,
        0.0
      ],
      "min": [
        0.0,
        0.0,
        0.0,
        0.0,
        0.0,
        0.0,
        0.0
      ],
      "q01": [
        0.0,
        0.0,
        0.0,
        0.0,
        0.0,
        0.0,
        0.0
      ],
      "q99": [
        0.0,
        0.0,
        0.0,
        0.0,
        0.0,
        0.0,
        0.0
      ]
    },
    "num_transitions": 52042,
    "num_trajectories": 428
  },
  "libero_object": {
    "action": {
      "mean": [
        0.07096529006958008,
        0.13498851656913757,
        -0.04601382836699486,
        0.00123520044144243,
        0.006998839322477579,
        -0.015027612447738647,
        0.46428999304771423
      ],
      "std": [
        0.2681235373020172,
        0.43846824765205383,
        0.4474974274635315,
        0.024446550756692886,
        0.049355510622262955,
        0.042107198387384415,
        0.49879148602485657
      ],
      "max": [
        0.9375,
        0.8919642567634583,
        0.9375,
        0.17678570747375488,
        0.35035714507102966,
        0.1810714304447174,
        1.0
      ],
      "min": [
        -0.8839285969734192,
        -0.9375,
        -0.9375,
        -0.15000000596046448,
        -0.29035714268684387,
        -0.32892856001853943,
        0.0
      ],
      "q01": [
        -0.5383928418159485,
        -0.8758928775787354,
        -0.9375,
        -0.06964285671710968,
        -0.11678571254014969,
        -0.15964286029338837,
        0.0
      ],
      "q99": [
        0.8464285731315613,
        0.84375,
        0.9375,
        0.08142857253551483,
        0.14892856776714325,
        0.0867857113480568,
        1.0
      ],
      "mask": [
        true,
        true,
        true,
        true,
        true,
        true,
        false
      ]
    },
    "proprio": {
      "mean": [
        0.0,
        0.0,
        0.0,
        0.0,
        0.0,
        0.0,
        0.0
      ],
      "std": [
        0.0,
        0.0,
        0.0,
        0.0,
        0.0,
        0.0,
        0.0
      ],
      "max": [
        0.0,
        0.0,
        0.0,
        0.0,
        0.0,
        0.0,
        0.0
      ],
      "min": [
        0.0,
        0.0,
        0.0,
        0.0,
        0.0,
        0.0,
        0.0
      ],
      "q01": [
        0.0,
        0.0,
        0.0,
        0.0,
        0.0,
        0.0,
        0.0
      ],
      "q99": [
        0.0,
        0.0,
        0.0,
        0.0,
        0.0,
        0.0,
        0.0
      ]
    },
    "num_transitions": 66984,
    "num_trajectories": 454
  },
  "libero_10": {
    "action": {
      "mean": [
        0.01820324920117855,
        0.05858374014496803,
        -0.05592384561896324,
        0.004626928828656673,
        0.00289608770981431,
        -0.007673131301999092,
        0.5457824468612671
      ],
      "std": [
        0.2825464606285095,
        0.35904666781425476,
        0.3673802614212036,
        0.03770702704787254,
        0.05429719388484955,
        0.08725254982709885,
        0.49815231561660767
      ],
      "max": [
        0.9375,
        0.9375,
        0.9375,
        0.30000001192092896,
        0.29357144236564636,
        0.375,
        1.0
      ],
      "min": [
        -0.9375,
        -0.9375,
        -0.9375,
        -0.23642857372760773,
        -0.3053571283817291,
        -0.3675000071525574,
        0.0
      ],
      "q01": [
        -0.6348214149475098,
        -0.7741071581840515,
        -0.7633928656578064,
        -0.09749999642372131,
        -0.14819999992847435,
        -0.2742857038974762,
        0.0
      ],
      "q99": [
        0.7714285850524902,
        0.8464285731315613,
        0.9375,
        0.13928571343421936,
        0.15964286029338837,
        0.3246428668498993,
        1.0
      ],
      "mask": [
        true,
        true,
        true,
        true,
        true,
        true,
        false
      ]
    },
    "proprio": {
      "mean": [
        0.0,
        0.0,
        0.0,
        0.0,
        0.0,
        0.0,
        0.0
      ],
      "std": [
        0.0,
        0.0,
        0.0,
        0.0,
        0.0,
        0.0,
        0.0
      ],